<?xml version="1.0" encoding="UTF-8"?>
    <addon id="faaarmer.repo" name="Faaarmers Repo" version="1.0.2" provider-name="Faaarmer">
        <requires>
            <import addon="xbmc.addon" version="12.0.0"/>
        </requires>
        <extension point="xbmc.addon.repository" name="Faaarmers Repo">
            <info compressed="false">https://raw.githubusercontent.com/faaarmer/kodi-repo/master/repo/addons.xml</info>
            <checksum>https://raw.githubusercontent.com/faaarmer/kodi-repo/master/repo/addons.xml.md5</checksum>
            <datadir zip="true">https://raw.githubusercontent.com/faaarmer/kodi-repo/master/repo/</datadir>
            <hashes>false</hashes>
        </extension>
        <extension point="xbmc.addon.metadata">
            <summary>Stuff.</summary>
            <description>More stuff.</description>
            <platform>all</platform>
    </extension>
</addon>